{
  "run.name": "1x_supply_eff_80",
  "sim.size": 1000000,
  "transmission.multiplier": 0.7762745195830235,
  "proportion.recovered": 0.3,
  "uptake": 0.85,
  "vaccinations.per.day": 0.0025521045751731846,
  "supply.A": 0.07656313725519553,
  "supply.B": 0.03402806100230913,
  "dose.1.delay": 14,
  "dose.2.delay": 21,
  "VE1.2A": 0.71,
  "VE2.2A": 0.75,
  "VE3.2A": 0.97,
  "VE4.2A": 0.97,
  "VE1.1A": 0.472,
  "VE2.1A": 0.496,
  "VE3.1A": 0.6400000000000001,
  "VE4.1A": 0.6400000000000001,
  "VE1.1B": 0.49,
  "VE2.1B": 0.52,
  "VE3.1B": 0.86,
  "VE4.1B": 0.86,
  "hospital.beds.per.100k": 203.17474663258733,
  "icu.beds.per.100k": 5.645255320283084,
  "cost.per.dose.A": 14.81,
  "cost.per.dose.B": 14.81,
  "cost.per.hospital.day": 154.31,
  "cost.per.ICU.day": 1750.97,
  "strategy": 2,
  "doses.A.remaining": 0.0,
  "doses.B.remaining": 0.0,
  "vaccine.allocation": [
    [
      0.0,
      0.0,
      0.03828156862759777
    ],
    [
      0.0,
      0.0,
      0.0
    ],
    [
      0.0,
      0.0,
      0.03402806100230913
    ]
  ],
  "vaccine.coverage": [
    [
      0.0,
      0.0,
      0.4241080317496084
    ],
    [
      0.0,
      0.0,
      0.0
    ],
    [
      0.0,
      0.0,
      0.3769849171107631
    ]
  ],
  "prob.full.immunity.dose.1": [
    0.0,
    0.0,
    0.48047059
  ],
  "prob.full.immunity.dose.2": [
    0.0,
    0.0,
    0.23863636
  ],
  "partial.immunity.severity.dist.dose.1": [
    [
      1.0,
      1.0,
      0.21384431
    ],
    [
      0.0,
      0.0,
      0.75396169
    ],
    [
      0.0,
      0.0,
      0.00670538
    ],
    [
      0.0,
      0.0,
      0.02548862
    ]
  ],
  "partial.immunity.severity.dist.dose.2": [
    [
      1.0,
      1.0,
      0.24293197
    ],
    [
      0.0,
      0.0,
      0.73530387
    ],
    [
      0.0,
      0.0,
      0.00453305
    ],
    [
      0.0,
      0.0,
      0.01723111
    ]
  ],
  "dose.1.per.day": [
    0.0,
    0.0,
    0.0018765474817190372
  ],
  "time.intervals": [
    14.0,
    53.0,
    53.0,
    53.0
  ]
}