{
  "run.name": "1x_supply_pace_100k",
  "sim.size": 1000000,
  "transmission.multiplier": 0.7762745195830235,
  "proportion.recovered": 0.3,
  "uptake": 0.85,
  "vaccinations.per.day": 0.0017014030501154563,
  "supply.A": 0.07656313725519553,
  "supply.B": 0.03402806100230913,
  "dose.1.delay": 14,
  "dose.2.delay": 21,
  "VE1.2A": 0.71,
  "VE2.2A": 0.75,
  "VE3.2A": 0.97,
  "VE4.2A": 0.97,
  "VE1.1A": 0.59,
  "VE2.1A": 0.62,
  "VE3.1A": 0.8,
  "VE4.1A": 0.8,
  "VE1.1B": 0.49,
  "VE2.1B": 0.52,
  "VE3.1B": 0.86,
  "VE4.1B": 0.86,
  "hospital.beds.per.100k": 203.17474663258733,
  "icu.beds.per.100k": 5.645255320283084,
  "cost.per.dose.A": 14.81,
  "cost.per.dose.B": 14.81,
  "cost.per.hospital.day": 154.31,
  "cost.per.ICU.day": 1750.97,
  "strategy": 3,
  "doses.A.remaining": 0.0,
  "doses.B.remaining": 0.0,
  "vaccine.allocation": [
    [
      0.0,
      0.0,
      0.0
    ],
    [
      0.0,
      0.023446409716734,
      0.053116727538461535
    ],
    [
      0.0,
      0.010420626540770667,
      0.023607434461538464
    ]
  ],
  "vaccine.coverage": [
    [
      0.0,
      0.0,
      0.0
    ],
    [
      0.0,
      0.0431852865749078,
      0.5884615384615384
    ],
    [
      0.0,
      0.01919346069995902,
      0.26153846153846155
    ]
  ],
  "prob.full.immunity.dose.1": [
    0.0,
    0.55923077,
    0.55923077
  ],
  "prob.full.immunity.dose.2": [
    0.0,
    0.0,
    0.0
  ],
  "partial.immunity.severity.dist.dose.1": [
    [
      1.0,
      0.23487958,
      0.22746602
    ],
    [
      0.0,
      0.75801777,
      0.74567405
    ],
    [
      0.0,
      0.00327517,
      0.00559439
    ],
    [
      0.0,
      0.00382748,
      0.02126554
    ]
  ],
  "partial.immunity.severity.dist.dose.2": [
    [
      1.0,
      0.23487958,
      0.22746602
    ],
    [
      0.0,
      0.75801777,
      0.74567405
    ],
    [
      0.0,
      0.00327517,
      0.00559439
    ],
    [
      0.0,
      0.00382748,
      0.02126554
    ]
  ],
  "dose.1.per.day": [
    0.0,
    0.0017014030500652187,
    0.0017014030500932804
  ],
  "time.intervals": [
    14.0,
    59.0,
    79.0,
    79.0
  ]
}