{
  "run.name": "1x_supply_Re_18",
  "sim.size": 1000000,
  "transmission.multiplier": 0.9980672394638875,
  "proportion.recovered": 0.3,
  "uptake": 0.85,
  "vaccinations.per.day": 0.0025521045751731846,
  "supply.A": 0.07656313725519553,
  "supply.B": 0.03402806100230913,
  "dose.1.delay": 14,
  "dose.2.delay": 21,
  "VE1.2A": 0.71,
  "VE2.2A": 0.75,
  "VE3.2A": 0.97,
  "VE4.2A": 0.97,
  "VE1.1A": 0.59,
  "VE2.1A": 0.62,
  "VE3.1A": 0.8,
  "VE4.1A": 0.8,
  "VE1.1B": 0.49,
  "VE2.1B": 0.52,
  "VE3.1B": 0.86,
  "VE4.1B": 0.86,
  "hospital.beds.per.100k": 203.17474663258733,
  "icu.beds.per.100k": 5.645255320283084,
  "cost.per.dose.A": 14.81,
  "cost.per.dose.B": 14.81,
  "cost.per.hospital.day": 154.31,
  "cost.per.ICU.day": 1750.97,
  "strategy": 2,
  "doses.A.remaining": 0.0,
  "doses.B.remaining": 0.0,
  "vaccine.allocation": [
    [
      0.0,
      0.0,
      0.03828156862759777
    ],
    [
      0.0,
      0.0,
      0.0
    ],
    [
      0.0,
      0.0,
      0.03402806100230913
    ]
  ],
  "vaccine.coverage": [
    [
      0.0,
      0.0,
      0.4241080317496084
    ],
    [
      0.0,
      0.0,
      0.0
    ],
    [
      0.0,
      0.0,
      0.3769849171107631
    ]
  ],
  "prob.full.immunity.dose.1": [
    0.0,
    0.0,
    0.54294118
  ],
  "prob.full.immunity.dose.2": [
    0.0,
    0.0,
    0.15494978
  ],
  "partial.immunity.severity.dist.dose.1": [
    [
      1.0,
      1.0,
      0.22545518
    ],
    [
      0.0,
      0.0,
      0.75003674
    ],
    [
      0.0,
      0.0,
      0.00510455
    ],
    [
      0.0,
      0.0,
      0.01940353
    ]
  ],
  "partial.immunity.severity.dist.dose.2": [
    [
      1.0,
      1.0,
      0.24943692
    ],
    [
      0.0,
      0.0,
      0.73461202
    ],
    [
      0.0,
      0.0,
      0.00332229
    ],
    [
      0.0,
      0.0,
      0.01262877
    ]
  ],
  "dose.1.per.day": [
    0.0,
    0.0,
    0.0018765474817190372
  ],
  "time.intervals": [
    14.0,
    53.0,
    53.0,
    53.0
  ]
}