{
  "run.name": "1x_supply_eff_80",
  "sim.size": 1000000,
  "transmission.multiplier": 0.7762745195830235,
  "proportion.recovered": 0.3,
  "uptake": 0.85,
  "vaccinations.per.day": 0.0025521045751731846,
  "supply.A": 0.07656313725519553,
  "supply.B": 0.03402806100230913,
  "dose.1.delay": 14,
  "dose.2.delay": 21,
  "VE1.2A": 0.71,
  "VE2.2A": 0.75,
  "VE3.2A": 0.97,
  "VE4.2A": 0.97,
  "VE1.1A": 0.472,
  "VE2.1A": 0.496,
  "VE3.1A": 0.6400000000000001,
  "VE4.1A": 0.6400000000000001,
  "VE1.1B": 0.49,
  "VE2.1B": 0.52,
  "VE3.1B": 0.86,
  "VE4.1B": 0.86,
  "hospital.beds.per.100k": 203.17474663258733,
  "icu.beds.per.100k": 5.645255320283084,
  "cost.per.dose.A": 14.81,
  "cost.per.dose.B": 14.81,
  "cost.per.hospital.day": 154.31,
  "cost.per.ICU.day": 1750.97,
  "strategy": 3,
  "doses.A.remaining": 0.0,
  "doses.B.remaining": 0.0,
  "vaccine.allocation": [
    [
      0.0,
      0.0,
      0.0
    ],
    [
      0.0,
      0.023446409716734,
      0.053116727538461535
    ],
    [
      0.0,
      0.010420626540770667,
      0.023607434461538464
    ]
  ],
  "vaccine.coverage": [
    [
      0.0,
      0.0,
      0.0
    ],
    [
      0.0,
      0.0431852865749078,
      0.5884615384615384
    ],
    [
      0.0,
      0.01919346069995902,
      0.26153846153846155
    ]
  ],
  "prob.full.immunity.dose.1": [
    0.0,
    0.47753846,
    0.47753846
  ],
  "prob.full.immunity.dose.2": [
    0.0,
    0.0,
    0.0
  ],
  "partial.immunity.severity.dist.dose.1": [
    [
      1.0,
      0.21961484,
      0.21205338
    ],
    [
      0.0,
      0.7707369,
      0.75146002
    ],
    [
      0.0,
      0.004449,
      0.00759944
    ],
    [
      0.0,
      0.00519926,
      0.02888716
    ]
  ],
  "partial.immunity.severity.dist.dose.2": [
    [
      1.0,
      0.21961484,
      0.21205338
    ],
    [
      0.0,
      0.7707369,
      0.75146002
    ],
    [
      0.0,
      0.004449,
      0.00759944
    ],
    [
      0.0,
      0.00519926,
      0.02888716
    ]
  ],
  "dose.1.per.day": [
    0.0,
    0.0025521045750978282,
    0.002552104575139921
  ],
  "time.intervals": [
    14.0,
    44.0,
    57.0,
    57.0
  ]
}