{
  "run.name": "2x_supply_bc",
  "sim.size": 1000000,
  "transmission.multiplier": 0.7762745195830235,
  "proportion.recovered": 0.3,
  "uptake": 0.85,
  "vaccinations.per.day": 0.0025521045751731846,
  "supply.A": 0.15312627451039107,
  "supply.B": 0.06805612200461826,
  "dose.1.delay": 14,
  "dose.2.delay": 21,
  "VE1.2A": 0.71,
  "VE2.2A": 0.75,
  "VE3.2A": 0.97,
  "VE4.2A": 0.97,
  "VE1.1A": 0.59,
  "VE2.1A": 0.62,
  "VE3.1A": 0.8,
  "VE4.1A": 0.8,
  "VE1.1B": 0.49,
  "VE2.1B": 0.52,
  "VE3.1B": 0.86,
  "VE4.1B": 0.86,
  "hospital.beds.per.100k": 203.17474663258733,
  "icu.beds.per.100k": 5.645255320283084,
  "cost.per.dose.A": 14.81,
  "cost.per.dose.B": 14.81,
  "cost.per.hospital.day": 154.31,
  "cost.per.ICU.day": 1750.97,
  "strategy": 4,
  "doses.A.remaining": 0.0,
  "doses.B.remaining": 0.0,
  "vaccine.allocation": [
    [
      0.0,
      0.0,
      0.07656313725519553
    ],
    [
      0.0,
      0.0,
      0.0
    ],
    [
      0.0,
      0.0678950972598138,
      0.00016102474480446383
    ]
  ],
  "vaccine.coverage": [
    [
      0.0,
      0.0,
      0.8482160634992169
    ],
    [
      0.0,
      0.0,
      0.0
    ],
    [
      0.0,
      0.12505408152548153,
      0.001783936500783081
    ]
  ],
  "prob.full.immunity.dose.1": [
    0.0,
    0.49,
    0.58979013
  ],
  "prob.full.immunity.dose.2": [
    0.0,
    0.0,
    0.29206866
  ],
  "partial.immunity.severity.dist.dose.1": [
    [
      1.0,
      0.22729412,
      0.23166921
    ],
    [
      0.0,
      0.76797196,
      0.73655489
    ],
    [
      0.0,
      0.0021829,
      0.00661829
    ],
    [
      0.0,
      0.00255102,
      0.02515761
    ]
  ],
  "partial.immunity.severity.dist.dose.2": [
    [
      1.0,
      0.22729412,
      0.28519561
    ],
    [
      0.0,
      0.76797196,
      0.70799149
    ],
    [
      0.0,
      0.0021829,
      0.00141899
    ],
    [
      0.0,
      0.00255102,
      0.00539391
    ]
  ],
  "dose.1.per.day": [
    0.0,
    0.0025521045751355953,
    0.0012787304008084355
  ],
  "time.intervals": [
    14.0,
    74.0,
    101.0,
    101.0
  ]
}