{
  "run.name": "2x_supply_eff_60",
  "sim.size": 1000000,
  "transmission.multiplier": 0.7762745195830235,
  "proportion.recovered": 0.3,
  "uptake": 0.85,
  "vaccinations.per.day": 0.0025521045751731846,
  "supply.A": 0.15312627451039107,
  "supply.B": 0.06805612200461826,
  "dose.1.delay": 14,
  "dose.2.delay": 21,
  "VE1.2A": 0.71,
  "VE2.2A": 0.75,
  "VE3.2A": 0.97,
  "VE4.2A": 0.97,
  "VE1.1A": 0.354,
  "VE2.1A": 0.372,
  "VE3.1A": 0.48,
  "VE4.1A": 0.48,
  "VE1.1B": 0.49,
  "VE2.1B": 0.52,
  "VE3.1B": 0.86,
  "VE4.1B": 0.86,
  "hospital.beds.per.100k": 203.17474663258733,
  "icu.beds.per.100k": 5.645255320283084,
  "cost.per.dose.A": 14.81,
  "cost.per.dose.B": 14.81,
  "cost.per.hospital.day": 154.31,
  "cost.per.ICU.day": 1750.97,
  "strategy": 2,
  "doses.A.remaining": 0.0,
  "doses.B.remaining": 0.0,
  "vaccine.allocation": [
    [
      0.0,
      0.03594446325519555,
      0.04061867399999999
    ],
    [
      0.0,
      0.0,
      0.0
    ],
    [
      0.0,
      0.03195063400461825,
      0.03610548800000001
    ]
  ],
  "vaccine.coverage": [
    [
      0.0,
      0.06620510198407847,
      0.44999999999999984
    ],
    [
      0.0,
      0.0,
      0.0
    ],
    [
      0.0,
      0.05884897954140306,
      0.40000000000000013
    ]
  ],
  "prob.full.immunity.dose.1": [
    0.0,
    0.418,
    0.418
  ],
  "prob.full.immunity.dose.2": [
    0.0,
    0.29175014,
    0.29175014
  ],
  "partial.immunity.severity.dist.dose.1": [
    [
      1.0,
      0.21235779,
      0.20472602
    ],
    [
      0.0,
      0.77753295,
      0.75704405
    ],
    [
      0.0,
      0.00466157,
      0.00796254
    ],
    [
      0.0,
      0.00544769,
      0.03026739
    ]
  ],
  "partial.immunity.severity.dist.dose.2": [
    [
      1.0,
      0.24228268,
      0.23494085
    ],
    [
      0.0,
      0.75056438,
      0.73800907
    ],
    [
      0.0,
      0.00329836,
      0.005634
    ],
    [
      0.0,
      0.00385458,
      0.02141608
    ]
  ],
  "dose.1.per.day": [
    0.0,
    0.0018765474817173495,
    0.0018765474817205303
  ],
  "time.intervals": [
    14.0,
    55.0,
    91.0,
    91.0
  ]
}