{
  "run.name": "2x_supply_eff_40",
  "sim.size": 1000000,
  "transmission.multiplier": 0.7762745195830235,
  "proportion.recovered": 0.3,
  "uptake": 0.85,
  "vaccinations.per.day": 0.0025521045751731846,
  "supply.A": 0.15312627451039107,
  "supply.B": 0.06805612200461826,
  "dose.1.delay": 14,
  "dose.2.delay": 21,
  "VE1.2A": 0.71,
  "VE2.2A": 0.75,
  "VE3.2A": 0.97,
  "VE4.2A": 0.97,
  "VE1.1A": 0.236,
  "VE2.1A": 0.248,
  "VE3.1A": 0.32000000000000006,
  "VE4.1A": 0.32000000000000006,
  "VE1.1B": 0.49,
  "VE2.1B": 0.52,
  "VE3.1B": 0.86,
  "VE4.1B": 0.86,
  "hospital.beds.per.100k": 203.17474663258733,
  "icu.beds.per.100k": 5.645255320283084,
  "cost.per.dose.A": 14.81,
  "cost.per.dose.B": 14.81,
  "cost.per.hospital.day": 154.31,
  "cost.per.ICU.day": 1750.97,
  "strategy": 2,
  "doses.A.remaining": 0.0,
  "doses.B.remaining": 0.0,
  "vaccine.allocation": [
    [
      0.0,
      0.03594446325519555,
      0.04061867399999999
    ],
    [
      0.0,
      0.0,
      0.0
    ],
    [
      0.0,
      0.03195063400461825,
      0.03610548800000001
    ]
  ],
  "vaccine.coverage": [
    [
      0.0,
      0.06620510198407847,
      0.44999999999999984
    ],
    [
      0.0,
      0.0,
      0.0
    ],
    [
      0.0,
      0.05884897954140306,
      0.40000000000000013
    ]
  ],
  "prob.full.immunity.dose.1": [
    0.0,
    0.35552941,
    0.35552941
  ],
  "prob.full.immunity.dose.2": [
    0.0,
    0.32845704,
    0.32845704
  ],
  "partial.immunity.severity.dist.dose.1": [
    [
      1.0,
      0.20507776,
      0.19737544
    ],
    [
      0.0,
      0.78352631,
      0.75952885
    ],
    [
      0.0,
      0.00525488,
      0.00897599
    ],
    [
      0.0,
      0.00614105,
      0.03411972
    ]
  ],
  "partial.immunity.severity.dist.dose.2": [
    [
      1.0,
      0.23461582,
      0.2271997
    ],
    [
      0.0,
      0.75700205,
      0.74110181
    ],
    [
      0.0,
      0.00386516,
      0.00660217
    ],
    [
      0.0,
      0.00451697,
      0.02509632
    ]
  ],
  "dose.1.per.day": [
    0.0,
    0.0018765474817173495,
    0.0018765474817205303
  ],
  "time.intervals": [
    14.0,
    55.0,
    91.0,
    91.0
  ]
}