{
  "run.name": "2x_supply_eff_60",
  "sim.size": 1000000,
  "transmission.multiplier": 0.7762745195830235,
  "proportion.recovered": 0.3,
  "uptake": 0.85,
  "vaccinations.per.day": 0.0025521045751731846,
  "supply.A": 0.15312627451039107,
  "supply.B": 0.06805612200461826,
  "dose.1.delay": 14,
  "dose.2.delay": 21,
  "VE1.2A": 0.71,
  "VE2.2A": 0.75,
  "VE3.2A": 0.97,
  "VE4.2A": 0.97,
  "VE1.1A": 0.354,
  "VE2.1A": 0.372,
  "VE3.1A": 0.48,
  "VE4.1A": 0.48,
  "VE1.1B": 0.49,
  "VE2.1B": 0.52,
  "VE3.1B": 0.86,
  "VE4.1B": 0.86,
  "hospital.beds.per.100k": 203.17474663258733,
  "icu.beds.per.100k": 5.645255320283084,
  "cost.per.dose.A": 14.81,
  "cost.per.dose.B": 14.81,
  "cost.per.hospital.day": 154.31,
  "cost.per.ICU.day": 1750.97,
  "strategy": 3,
  "doses.A.remaining": 0.0,
  "doses.B.remaining": 0.0,
  "vaccine.allocation": [
    [
      0.0,
      0.0,
      0.0
    ],
    [
      0.0,
      0.10000954697192954,
      0.053116727538461535
    ],
    [
      0.0,
      0.0444486875430798,
      0.023607434461538464
    ]
  ],
  "vaccine.coverage": [
    [
      0.0,
      0.0,
      0.0
    ],
    [
      0.0,
      0.1842047886387909,
      0.5884615384615384
    ],
    [
      0.0,
      0.08186879495057373,
      0.26153846153846155
    ]
  ],
  "prob.full.immunity.dose.1": [
    0.0,
    0.39584615,
    0.39584615
  ],
  "prob.full.immunity.dose.2": [
    0.0,
    0.0,
    0.0
  ],
  "partial.immunity.severity.dist.dose.1": [
    [
      1.0,
      0.20847823,
      0.20080885
    ],
    [
      0.0,
      0.78001632,
      0.75568127
    ],
    [
      0.0,
      0.00530538,
      0.00906225
    ],
    [
      0.0,
      0.00620007,
      0.03444763
    ]
  ],
  "partial.immunity.severity.dist.dose.2": [
    [
      1.0,
      0.20847823,
      0.20080885
    ],
    [
      0.0,
      0.78001632,
      0.75568127
    ],
    [
      0.0,
      0.00530538,
      0.00906225
    ],
    [
      0.0,
      0.00620007,
      0.03444763
    ]
  ],
  "dose.1.per.day": [
    0.0,
    0.0025521045751555177,
    0.002552104575139921
  ],
  "time.intervals": [
    14.0,
    44.0,
    101.0,
    101.0
  ]
}